pdbid,chainid,variant,ddg
171L,A,A45E,0.01
1A2P,A,Y103F,0.0
1A2P,A,T105V,2.24
1A2P,A,I109A,2.07
1A2P,A,I109V,0.76
1A2P,A,V10A,3.39
1A2P,A,V10T,2.48
1A2P,A,R110A,0.41
1A2P,A,D12A,0.31
1A2P,A,D12G,1.29
1A2P,A,Y13A,3.34
1A2P,A,L14A,4.32
1A2P,A,T16A,0.27
1A2P,A,T16G,1.66
1A2P,A,T16S,1.68
1A2P,A,Y17A,2.03
1A2P,A,Y17G,4.03
1A2P,A,Y17S,2.57
1A2P,A,N23A,2.25
1A2P,A,Y24F,0.02
1A2P,A,I25A,3.52
1A2P,A,I25V,1.12
1A2P,A,T26A,1.94
1A2P,A,T26G,1.46
1A2P,A,T26S,0.54
1A2P,A,K27G,0.44
1A2P,A,S28A,-0.41
1A2P,A,S28G,0.45
1A2P,A,E29A,1.25
1A2P,A,E29G,1.76
1A2P,A,E29S,1.23
1A2P,A,Q31A,-0.1
1A2P,A,Q31G,0.98
1A2P,A,A32G,0.9
1A2P,A,V36A,1.3
1A2P,A,V36T,1.15
1A2P,A,N41D,2.51
1A2P,A,V45A,1.75
1A2P,A,V45T,2.44
1A2P,A,I4A,1.35
1A2P,A,I4V,0.6
1A2P,A,I51A,4.71
1A2P,A,I51V,1.8
1A2P,A,D54A,2.97
1A2P,A,N58A,2.71
1A2P,A,N58D,-0.47
1A2P,A,N5A,1.85
1A2P,A,T6A,2.15
1A2P,A,T6G,1.24
1A2P,A,T6S,0.27
1A2P,A,I76A,1.89
1A2P,A,I76V,0.82
1A2P,A,N77A,1.65
1A2P,A,Y78F,1.35
1A2P,A,N84A,2.02
1A2P,A,I88A,4.01
1A2P,A,I88V,1.34
1A2P,A,D8A,0.89
1A2P,A,D8G,1.17
1A2P,A,S91A,1.93
1A2P,A,S92A,2.79
1A2P,A,I96A,3.17
1A2P,A,I96V,0.88
1A2P,A,T99V,2.67
1ANF,A,W10A,4.31
1ANF,A,A276G,1.89
1ANF,A,D55N,0.0
1ANF,A,V8G,1.1
1BF4,A,E12A,0.3
1BF4,A,V15A,2.29
1BF4,A,S18A,0.13
1BF4,A,V23A,0.23
1BF4,A,R25A,0.38
1BF4,A,S31A,-0.72
1BF4,A,D35A,0.54
1BF4,A,T41A,0.84
1BF4,A,R43A,0.56
1BF4,A,A45G,1.27
1BF4,A,V46A,1.63
1BF4,A,S47A,-0.18
1BF4,A,V4A,2.12
1BF4,A,A51G,2.1
1BF4,A,L55A,3.92
1BF4,A,L56A,1.45
1BF4,A,L59A,0.67
1BF4,A,K7A,0.27
1BPI,A,Y10A,1.2
1BPI,A,T11A,0.0
1BPI,A,P13A,1.2
1BPI,A,K15A,0.4
1BPI,A,R17A,0.3
1BPI,A,I18A,1.5
1BPI,A,I19A,2.1
1BPI,A,R1A,0.5
1BPI,A,R20A,1.8
1BPI,A,F22A,2.0
1BPI,A,N24A,2.2
1BPI,A,K26A,0.0
1BPI,A,L29A,0.0
1BPI,A,P2A,1.3
1BPI,A,Q31A,1.0
1BPI,A,T32A,0.1
1BPI,A,V34A,1.2
1BPI,A,Y35A,1.1
1BPI,A,R39A,0.0
1BPI,A,D3A,-0.2
1BPI,A,K41A,0.4
1BPI,A,R42A,0.5
1BPI,A,N44A,3.3
1BPI,A,K46A,-0.1
1BPI,A,S47A,1.6
1BPI,A,E49A,0.2
1BPI,A,F4A,3.0
1BPI,A,D50A,0.4
1BPI,A,M52A,1.7
1BPI,A,R53A,0.1
1BPI,A,T54A,0.1
1BPI,A,L6A,0.6
1BPI,A,E7A,1.5
1BPI,A,P8A,0.3
1BPI,A,P9A,0.8
1BVC,A,M131A,2.2
1BVC,A,V68T,0.6
1BVC,A,H93G,0.01
1CEY,A,A101G,1.0
1CEY,A,A113G,1.3
1CEY,A,A114G,0.8
1CEY,A,D12A,-2.5
1CEY,A,D13A,-2.7
1CEY,A,F14A,-0.8
1CEY,A,A48G,-0.2
1CEY,A,P61G,0.6
1CEY,A,A74G,0.3
1CEY,A,A77G,0.3
1CEY,A,A80G,-0.6
1CEY,A,A88G,-0.1
1CEY,A,A90G,-0.5
1CEY,A,A99G,0.5
1CSP,A,F15A,2.27
1CSP,A,F17A,1.53
1CSP,A,F27A,0.76
1CSP,A,F38A,-0.15
1CYO,A,F35L,1.87
1DYJ,A,T113V,1.2
1DYJ,A,E139Q,0.42
1DYJ,A,D27N,-1.4
1DYJ,A,P66A,-1.3
1DYJ,A,V75A,-0.1
1DYJ,A,V88A,-0.2
1FKB,A,V101A,2.75
1FKB,A,L106A,2.32
1FKB,A,T21A,1.6
1FKB,A,T21S,1.44
1FKB,A,T21V,-0.86
1FKB,A,V23A,2.97
1FKB,A,V24A,3.19
1FKB,A,T27A,1.97
1FKB,A,T27S,1.49
1FKB,A,T27V,-0.23
1FKB,A,V2A,2.43
1FKB,A,F36A,3.54
1FKB,A,V4A,2.78
1FKB,A,L50A,2.57
1FKB,A,V55A,2.13
1FKB,A,I56A,2.48
1FKB,A,I56T,1.81
1FKB,A,R57A,0.81
1FKB,A,R57G,2.29
1FKB,A,E60A,2.13
1FKB,A,E60G,2.84
1FKB,A,E61A,0.84
1FKB,A,E61G,2.49
1FKB,A,V63A,2.97
1FKB,A,T75A,2.6
1FKB,A,T75V,0.81
1FKB,A,I76A,3.81
1FKB,A,I76V,0.76
1FKB,A,I7V,0.94
1FKB,A,I91A,1.54
1FKB,A,I91V,0.38
1FKB,A,L97A,3.56
1FKB,A,V98A,2.16
1FMK,A,L100A,1.79
1FMK,A,S101A,0.82
1FMK,A,F102A,1.97
1FMK,A,K103A,0.44
1FMK,A,K104A,0.09
1FMK,A,E106A,1.94
1FMK,A,R107A,0.32
1FMK,A,L108A,2.26
1FMK,A,Q109A,0.21
1FMK,A,I110A,0.32
1FMK,A,I110V,0.09
1FMK,A,V111A,0.77
1FMK,A,N112A,0.2
1FMK,A,N113A,-0.07
1FMK,A,W118A,1.29
1FMK,A,W119A,1.2
1FMK,A,L120A,1.64
1FMK,A,A121G,0.92
1FMK,A,H122A,0.62
1FMK,A,S123A,1.46
1FMK,A,L124A,0.61
1FMK,A,S125A,-0.18
1FMK,A,T126A,1.79
1FMK,A,Q128A,0.35
1FMK,A,T129A,1.11
1FMK,A,Y131A,1.52
1FMK,A,I132A,1.84
1FMK,A,P133A,1.36
1FMK,A,S134A,-0.24
1FMK,A,N135A,0.14
1FMK,A,Y136A,-0.23
1FMK,A,V137A,1.18
1FMK,A,A138G,0.53
1FMK,A,P139A,0.14
1FMK,A,S140A,-0.44
1FMK,A,T85A,0.64
1FMK,A,F86A,0.84
1FMK,A,V87A,1.64
1FMK,A,A88G,1.0
1FMK,A,L89A,1.49
1FMK,A,Y90A,0.31
1FMK,A,D91A,0.43
1FMK,A,Y92A,2.27
1FMK,A,Y92F,0.18
1FMK,A,S94A,-0.52
1FMK,A,R95A,0.07
1FMK,A,T96A,-0.06
1FMK,A,T98A,0.01
1FMK,A,D99A,0.56
1FXA,A,R42A,2.4
1FXA,A,T48A,-0.1
1FXA,A,F65A,1.0
1FXA,A,E94Q,-0.6
1HFZ,A,Y103A,2.39
1HFZ,A,H107A,0.79
1HFZ,A,Q117A,0.96
1HFZ,A,H32A,2.13
1HFZ,A,V42A,0.93
1HFZ,A,V42G,1.15
1HFZ,A,Q54A,0.41
1HTI,A,Q179A,-0.1
1HTI,A,K193A,-1.0
1HZ6,A,L10A,3.12
1HZ6,A,I11A,1.37
1HZ6,A,I11V,0.47
1HZ6,A,F12A,3.12
1HZ6,A,F12L,0.68
1HZ6,A,N14A,1.78
1HZ6,A,S16A,0.3
1HZ6,A,T17A,1.17
1HZ6,A,T19A,1.11
1HZ6,A,E21A,0.59
1HZ6,A,F22A,4.25
1HZ6,A,F22L,3.12
1HZ6,A,T25A,1.25
1HZ6,A,F26G,3.08
1HZ6,A,F26L,0.38
1HZ6,A,K28G,-0.16
1HZ6,A,A29G,2.54
1HZ6,A,T30A,1.09
1HZ6,A,S31A,-0.41
1HZ6,A,S31G,0.82
1HZ6,A,E32G,1.19
1HZ6,A,A33G,3.1
1HZ6,A,Y34G,2.82
1HZ6,A,A35G,1.32
1HZ6,A,Y36A,2.46
1HZ6,A,A37G,3.12
1HZ6,A,D38A,1.21
1HZ6,A,D38G,2.14
1HZ6,A,T39G,0.17
1HZ6,A,L40A,2.44
1HZ6,A,K41A,-0.58
1HZ6,A,K42A,-0.35
1HZ6,A,N44A,0.34
1HZ6,A,E46A,0.23
1HZ6,A,T48A,0.97
1HZ6,A,V49A,0.92
1HZ6,A,V4A,1.22
1HZ6,A,D50A,0.2
1HZ6,A,V51A,1.14
1HZ6,A,A52G,0.49
1HZ6,A,K54A,0.09
1HZ6,A,Y56A,1.66
1HZ6,A,Y56L,-0.43
1HZ6,A,T57A,1.83
1HZ6,A,L58A,3.77
1HZ6,A,N59A,1.73
1HZ6,A,T5A,1.63
1HZ6,A,I60A,4.72
1HZ6,A,I60V,1.69
1HZ6,A,K61A,0.45
1HZ6,A,F62L,3.34
1HZ6,A,I6A,4.9
1HZ6,A,I6V,0.56
1HZ6,A,K7A,0.92
1HZ6,A,A8G,2.43
1HZ6,A,N9A,1.87
1IFC,A,L64A,2.07
1IFC,A,L64G,2.63
1IOB,A,K97G,1.2
1IOB,A,T9A,0.8
1IOB,A,T9G,2.6
1L63,A,I100A,3.4
1L63,A,F104A,3.1
1L63,A,M106A,2.3
1L63,A,V111A,1.3
1L63,A,T115A,0.14
1L63,A,N116A,-0.17
1L63,A,S117A,-1.27
1L63,A,L118A,3.5
1L63,A,R119A,0.18
1L63,A,M120A,0.2
1L63,A,L121A,2.3
1L63,A,Q122A,0.24
1L63,A,Q123A,0.22
1L63,A,V149T,2.8
1L63,A,T151S,-0.39
1L63,A,F153A,3.8
1L63,A,F153L,-0.3
1L63,A,I17A,2.7
1L63,A,D20A,0.3
1L63,A,T26S,-0.57
1L63,A,I27A,3.1
1L63,A,I29A,2.6
1L63,A,L33A,3.6
1L63,A,L39A,0.9
1L63,A,N40A,-0.32
1L63,A,N40D,-0.44
1L63,A,K43A,1.03
1L63,A,S44A,-0.34
1L63,A,S44G,0.53
1L63,A,E45A,-0.01
1L63,A,L46A,1.86
1L63,A,D47A,0.95
1L63,A,K48A,0.56
1L63,A,I50A,2.0
1L63,A,I58A,3.2
1L63,A,T59A,1.5
1L63,A,T59G,1.6
1L63,A,T59S,0.2
1L63,A,T59V,1.5
1L63,A,L66A,3.9
1L63,A,F67A,1.9
1L63,A,N68A,0.05
1L63,A,M6A,1.9
1L63,A,V71A,1.5
1L63,A,V75T,1.3
1L63,A,I78A,1.6
1L63,A,L7A,2.6
1L63,A,L84A,3.9
1L63,A,V87A,1.7
1L63,A,V87T,1.6
1L63,A,L91A,3.1
1L63,A,D92N,1.4
1L63,A,V94A,1.8
1L63,A,L99A,4.5
1L63,A,L99G,6.3
1LMB,4,M40A,2.1
1LMB,4,P78A,1.6
1MJC,A,F18L,1.0
1MJC,A,F20L,0.31
1MJC,A,F31L,0.66
1PGA,A,T11A,0.6
1PGA,A,E15A,0.47
1PGA,A,T16A,0.38
1PGA,A,T18A,0.46
1PGA,A,A20G,2.39
1PGA,A,D22A,1.75
1PGA,A,T25A,-0.22
1PGA,A,A26G,2.96
1PGA,A,K28G,0.05
1PGA,A,V29A,0.7
1PGA,A,F30L,1.42
1PGA,A,K31G,2.02
1PGA,A,Q32G,1.0
1PGA,A,Y33A,0.92
1PGA,A,A34G,2.48
1PGA,A,N35G,2.5
1PGA,A,N37A,-0.17
1PGA,A,V39A,1.72
1PGA,A,Y3L,1.62
1PGA,A,G41A,2.84
1PGA,A,Y45L,3.34
1PGA,A,D46A,1.74
1PGA,A,D47A,-0.49
1PGA,A,T49A,0.72
1PGA,A,T51A,1.87
1PGA,A,F52L,3.54
1PGA,A,T53A,1.91
1PGA,A,V54A,2.93
1PGA,A,I6A,2.09
1PGA,A,L7A,1.85
1QHE,A,H34A,0.83
1QHE,A,Y47F,0.59
1QHE,A,F7L,0.04
1REX,A,V100A,0.26
1REX,A,I106A,0.93
1REX,A,I106V,0.72
1REX,A,V110A,-0.53
1REX,A,T11A,-0.38
1REX,A,T11V,-0.31
1REX,A,V121A,1.44
1REX,A,Y124F,0.36
1REX,A,V125A,1.32
1REX,A,Y20F,0.5
1REX,A,I23A,2.54
1REX,A,I23V,0.36
1REX,A,S24A,0.53
1REX,A,V2A,1.51
1REX,A,S36A,1.12
1REX,A,Y38F,0.19
1REX,A,T40A,1.51
1REX,A,T40V,1.34
1REX,A,T43A,0.36
1REX,A,T43V,-0.96
1REX,A,Y45F,-0.07
1REX,A,S51A,0.24
1REX,A,T52A,0.91
1REX,A,Y54F,0.96
1REX,A,I56A,3.71
1REX,A,I56L,0.1
1REX,A,I56M,1.77
1REX,A,I56T,3.64
1REX,A,I56V,1.2
1REX,A,I59A,1.72
1REX,A,I59G,3.83
1REX,A,I59L,0.0
1REX,A,I59M,1.29
1REX,A,I59S,3.59
1REX,A,I59T,2.22
1REX,A,I59V,1.1
1REX,A,S61A,1.36
1REX,A,Y63F,0.24
1REX,A,T70V,0.69
1REX,A,V74A,0.36
1REX,A,S80A,-0.48
1REX,A,I89A,2.7
1REX,A,I89V,0.48
1REX,A,V93A,0.74
1REX,A,V99A,0.98
1RN1,B,Y11F,2.11
1RN1,B,S12A,1.23
1RN1,B,S17A,-0.67
1RN1,B,N36A,-0.03
1RN1,B,P39A,4.33
1RN1,B,Y42F,-1.14
1RN1,B,N44A,2.0
1RN1,B,N44D,2.0
1RN1,B,D49A,0.5
1RN1,B,Y56F,0.78
1RN1,B,Y57F,0.5
1RN1,B,E58A,0.64
1RN1,B,S64A,1.44
1RN1,B,Y68F,1.36
1RN1,B,D76A,3.7
1RN1,B,D76N,2.87
1RN1,B,N81A,2.87
1RN1,B,N9A,0.9
1SHF,A,E107A,1.27
1SHF,A,E107Q,0.74
1SHF,A,S124A,0.71
1SHF,A,S124G,1.68
1SHG,A,V23A,2.0
1SHG,A,T24A,1.1
1SHG,A,D29A,1.2
1SHG,A,K43A,1.0
1SHG,A,V44A,3.4
1SHG,A,V46A,0.9
1SHG,A,N47A,0.3
1SHG,A,N47G,-0.4
1SHG,A,D48G,-1.4
1SHG,A,F52A,2.7
1SHG,A,V53A,2.2
1SHG,A,A55G,2.0
1SHG,A,V58A,2.4
1STN,A,N100A,5.2
1STN,A,N100G,5.1
1STN,A,E101A,1.9
1STN,A,E101G,3.1
1STN,A,A102G,1.3
1STN,A,L103A,4.6
1STN,A,V104A,2.9
1STN,A,V104T,2.5
1STN,A,R105A,1.4
1STN,A,R105G,2.4
1STN,A,Q106A,-0.1
1STN,A,Q106G,1.5
1STN,A,L108A,5.8
1STN,A,A109G,1.0
1STN,A,E10A,1.3
1STN,A,E10G,1.8
1STN,A,K110A,1.3
1STN,A,K110G,2.7
1STN,A,V111A,4.2
1STN,A,V111G,4.9
1STN,A,V111T,2.3
1STN,A,A112G,0.0
1STN,A,Y113A,0.0
1STN,A,Y113F,0.0
1STN,A,Y113G,0.3
1STN,A,Y113L,-0.2
1STN,A,V114A,0.0
1STN,A,V114G,0.2
1STN,A,V114T,0.3
1STN,A,Y115A,0.3
1STN,A,Y115F,0.1
1STN,A,Y115G,0.7
1STN,A,Y115L,0.3
1STN,A,K116A,-0.7
1STN,A,K116G,-1.0
1STN,A,P117A,-0.8
1STN,A,P117G,-0.9
1STN,A,N118A,2.1
1STN,A,N118D,2.4
1STN,A,N118G,1.9
1STN,A,N119A,1.3
1STN,A,N119G,1.3
1STN,A,P11A,0.4
1STN,A,P11G,1.0
1STN,A,T120A,1.2
1STN,A,T120G,2.1
1STN,A,T120V,1.8
1STN,A,H121A,3.1
1STN,A,H121G,4.2
1STN,A,E122A,0.4
1STN,A,E122G,2.2
1STN,A,Q123A,0.4
1STN,A,Q123G,0.6
1STN,A,H124A,-0.4
1STN,A,H124G,0.5
1STN,A,L125A,4.9
1STN,A,R126A,1.7
1STN,A,R126G,2.9
1STN,A,K127A,-0.2
1STN,A,K127G,0.7
1STN,A,S128A,-0.7
1STN,A,S128G,1.6
1STN,A,E129A,2.4
1STN,A,E129G,3.8
1STN,A,A12G,2.4
1STN,A,A130G,1.1
1STN,A,Q131A,0.2
1STN,A,Q131G,2.4
1STN,A,A132G,3.7
1STN,A,K133A,1.4
1STN,A,K133G,3.3
1STN,A,K134A,-0.1
1STN,A,K134G,0.7
1STN,A,E135A,0.7
1STN,A,E135G,1.7
1STN,A,K136A,0.9
1STN,A,K136G,0.2
1STN,A,L137A,2.3
1STN,A,L137G,4.6
1STN,A,N138A,1.1
1STN,A,N138G,-0.1
1STN,A,I139A,3.5
1STN,A,I139G,4.4
1STN,A,I139V,1.5
1STN,A,T13A,0.7
1STN,A,T13G,1.1
1STN,A,T13V,0.4
1STN,A,S141A,0.4
1STN,A,S141G,0.9
1STN,A,L14A,2.3
1STN,A,L14G,3.7
1STN,A,I15A,2.7
1STN,A,I15G,3.3
1STN,A,I15V,0.8
1STN,A,K16A,0.2
1STN,A,K16G,0.7
1STN,A,A17G,0.3
1STN,A,I18A,2.5
1STN,A,I18G,2.5
1STN,A,I18V,1.1
1STN,A,D19A,0.1
1STN,A,D19G,0.5
1STN,A,D21A,-0.7
1STN,A,D21G,-0.3
1STN,A,T22A,1.6
1STN,A,T22G,2.4
1STN,A,T22V,0.9
1STN,A,V23A,2.9
1STN,A,V23G,5.6
1STN,A,V23T,3.2
1STN,A,K24A,0.2
1STN,A,K24G,1.2
1STN,A,L25A,2.7
1STN,A,L25G,4.5
1STN,A,M26A,1.5
1STN,A,M26G,2.2
1STN,A,Y27A,2.8
1STN,A,Y27F,0.6
1STN,A,Y27G,5.1
1STN,A,Y27L,1.5
1STN,A,K28A,0.7
1STN,A,K28G,0.7
1STN,A,Q30A,0.3
1STN,A,Q30G,0.9
1STN,A,P31A,0.5
1STN,A,P31G,1.6
1STN,A,M32A,1.7
1STN,A,M32G,2.4
1STN,A,T33A,1.4
1STN,A,T33G,2.5
1STN,A,T33V,-0.4
1STN,A,F34A,3.7
1STN,A,R35A,1.4
1STN,A,R35G,2.2
1STN,A,L36A,3.5
1STN,A,L36G,5.3
1STN,A,L37A,1.7
1STN,A,L37G,3.8
1STN,A,L38A,1.7
1STN,A,L38G,0.6
1STN,A,V39A,2.2
1STN,A,V39G,4.7
1STN,A,V39T,1.3
1STN,A,D40A,-0.2
1STN,A,D40G,0.5
1STN,A,T41A,0.0
1STN,A,T41G,2.0
1STN,A,T41V,-0.8
1STN,A,P42A,-0.1
1STN,A,P42G,0.4
1STN,A,E43A,-0.3
1STN,A,E43G,-0.5
1STN,A,T44A,0.4
1STN,A,T44G,0.6
1STN,A,T44V,-0.1
1STN,A,K45A,-0.3
1STN,A,K45G,-0.2
1STN,A,H46A,0.5
1STN,A,H46G,0.4
1STN,A,P47A,0.6
1STN,A,P47G,0.1
1STN,A,K48A,-0.1
1STN,A,K48G,-0.2
1STN,A,K49A,0.3
1STN,A,K49G,0.2
1STN,A,V51A,0.3
1STN,A,V51G,0.4
1STN,A,V51T,-0.2
1STN,A,E52A,0.1
1STN,A,E52G,0.4
1STN,A,K53A,0.2
1STN,A,K53G,0.3
1STN,A,Y54A,2.2
1STN,A,Y54F,0.5
1STN,A,Y54G,1.9
1STN,A,Y54L,3.4
1STN,A,P56A,0.0
1STN,A,P56G,1.0
1STN,A,E57A,0.2
1STN,A,E57G,1.6
1STN,A,A58G,2.6
1STN,A,S59A,-0.4
1STN,A,S59G,1.1
1STN,A,A60G,1.4
1STN,A,F61A,2.3
1STN,A,F61G,4.8
1STN,A,T62A,2.4
1STN,A,T62G,3.5
1STN,A,T62V,0.2
1STN,A,K63A,0.5
1STN,A,K63G,1.5
1STN,A,K64A,-0.1
1STN,A,K64G,0.4
1STN,A,M65A,2.0
1STN,A,M65G,4.6
1STN,A,V66A,2.2
1STN,A,V66G,4.4
1STN,A,V66T,1.4
1STN,A,E67A,1.0
1STN,A,E67G,0.9
1STN,A,N68A,0.5
1STN,A,N68G,0.5
1STN,A,A69G,2.0
1STN,A,K6A,-0.3
1STN,A,K6G,-0.3
1STN,A,K70A,0.1
1STN,A,K70G,0.5
1STN,A,K71A,0.4
1STN,A,K71G,1.1
1STN,A,I72A,5.1
1STN,A,I72V,1.8
1STN,A,E73A,1.2
1STN,A,E73G,2.7
1STN,A,V74A,3.1
1STN,A,V74T,3.8
1STN,A,E75A,2.2
1STN,A,E75G,3.5
1STN,A,F76A,4.0
1STN,A,F76G,4.7
1STN,A,D77A,3.1
1STN,A,D77G,2.2
1STN,A,K78A,0.6
1STN,A,K78G,1.1
1STN,A,L7A,1.6
1STN,A,L7G,1.5
1STN,A,Q80A,0.1
1STN,A,Q80G,1.4
1STN,A,R81A,1.1
1STN,A,R81G,2.2
1STN,A,T82A,0.9
1STN,A,T82G,2.0
1STN,A,T82V,-0.2
1STN,A,D83A,3.8
1STN,A,D83G,2.7
1STN,A,K84A,-0.2
1STN,A,K84G,0.3
1STN,A,Y85A,0.4
1STN,A,Y85F,0.0
1STN,A,Y85G,1.0
1STN,A,Y85L,0.1
1STN,A,R87A,0.9
1STN,A,R87G,2.6
1STN,A,L89A,2.6
1STN,A,L89G,3.2
1STN,A,H8A,0.4
1STN,A,H8G,0.8
1STN,A,A90G,2.0
1STN,A,Y91A,5.3
1STN,A,Y91F,2.4
1STN,A,Y91L,3.9
1STN,A,I92A,4.0
1STN,A,I92V,0.5
1STN,A,Y93F,2.0
1STN,A,Y93G,7.5
1STN,A,Y93L,4.5
1STN,A,A94G,2.4
1STN,A,D95A,3.3
1STN,A,D95G,2.7
1STN,A,K97A,0.1
1STN,A,K97G,1.7
1STN,A,M98A,4.6
1STN,A,M98G,4.5
1STN,A,V99A,3.2
1STN,A,V99G,5.0
1STN,A,V99T,3.3
1STN,A,K9A,1.4
1STN,A,K9G,1.9
1SUP,A,N76D,-0.45
1TEN,A,L803A,2.11
1TEN,A,P806A,2.74
1TEN,A,I809A,2.86
1TEN,A,I809V,0.18
1TEN,A,V811A,1.36
1TEN,A,A819G,2.8
1TEN,A,I821A,3.67
1TEN,A,I821V,0.23
1TEN,A,P826A,1.73
1TEN,A,I830A,1.38
1TEN,A,I830V,0.32
1TEN,A,I833A,3.28
1TEN,A,I833V,0.5
1TEN,A,L835A,4.29
1TEN,A,Y837A,4.22
1TEN,A,Y837F,0.44
1TEN,A,P843A,0.46
1TEN,A,I849A,2.19
1TEN,A,L851A,2.99
1TEN,A,Y858A,1.38
1TEN,A,Y858G,4.14
1TEN,A,I860A,2.06
1TEN,A,I860V,0.83
1TEN,A,L863A,4.22
1TEN,A,P865A,0.93
1TEN,A,T867A,1.96
1TEN,A,T867S,1.22
1TEN,A,Y869F,3.13
1TEN,A,V871A,2.81
1TEN,A,L873A,3.06
1TEN,A,S875A,-0.04
1TEN,A,S882A,2.82
1TEN,A,P884A,0.11
1TEN,A,A885G,1.09
1TEN,A,E887A,-1.61
1TEN,A,E887G,0.34
1TEN,A,F889A,5.43
1TEN,A,T891A,3.43
1TEN,A,T891S,1.92
1WQ5,A,P132A,1.05
1WQ5,A,P132G,1.0
1WQ5,A,P207A,1.8
1WQ5,A,P28A,2.5
1WQ5,A,P28G,1.6
1WQ5,A,E49A,0.3
1WQ5,A,E49G,1.7
1WQ5,A,E49Q,2.5
1WQ5,A,P96A,2.13
1WQ5,B,P1057A,0.48
1YCC,A,N52A,-2.97
1YCC,A,K73A,0.45
1YCC,A,K73G,0.74
1YCC,A,L85A,2.8
219L,A,N163D,0.21
2BQA,A,I106V,0.98
2BQA,A,V110A,-0.07
2BQA,A,V121A,1.75
2BQA,A,V125A,1.6
2BQA,A,I23V,0.41
2BQA,A,V2A,1.51
2BQA,A,I56V,1.34
2BQA,A,V74A,0.43
2BQA,A,I89V,0.65
2CI2,I,K21A,0.55
2CI2,I,T22A,0.85
2CI2,I,T22G,1.16
2CI2,I,T22V,0.32
2CI2,I,P25A,1.57
2CI2,I,E26A,0.47
2CI2,I,E26Q,0.62
2CI2,I,L27A,2.68
2CI2,I,K30A,-0.42
2CI2,I,S31A,0.89
2CI2,I,S31G,0.8
2CI2,I,A35G,1.09
2CI2,I,K36A,0.49
2CI2,I,K36G,2.32
2CI2,I,K37A,-0.21
2CI2,I,K37G,0.99
2CI2,I,V38A,0.49
2CI2,I,I39V,1.3
2CI2,I,L40A,1.33
2CI2,I,L40G,2.1
2CI2,I,Q41A,0.02
2CI2,I,Q41G,0.6
2CI2,I,D42A,0.96
2CI2,I,K43A,0.65
2CI2,I,K43G,3.19
2CI2,I,P44A,1.76
2CI2,I,E45A,0.32
2CI2,I,I48A,3.9
2CI2,I,I48V,1.11
2CI2,I,I49A,2.12
2CI2,I,I49G,3.52
2CI2,I,I49V,-0.08
2CI2,I,L51A,2.37
2CI2,I,P52A,0.17
2CI2,I,V53A,0.64
2CI2,I,V53G,2.43
2CI2,I,V53T,1.03
2CI2,I,T55A,-0.23
2CI2,I,T55S,0.02
2CI2,I,T55V,0.76
2CI2,I,I56A,0.03
2CI2,I,V57A,1.47
2CI2,I,T58A,0.72
2CI2,I,E60A,0.7
2CI2,I,R62A,0.58
2CI2,I,D64A,0.8
2CI2,I,V66A,4.93
2CI2,I,L68A,3.84
2CI2,I,F69A,3.84
2CI2,I,V70A,1.98
2CI2,I,D71A,3.41
2CI2,I,D71N,0.0
2CI2,I,N75A,0.83
2CI2,I,N75D,1.21
2CI2,I,I76A,4.29
2CI2,I,I76V,-0.19
2CI2,I,A77G,1.88
2CI2,I,V79A,1.51
2CI2,I,V79G,3.24
2CI2,I,V79T,0.38
2CI2,I,P80A,3.34
2CI2,I,V82A,1.45
2CI2,I,V82G,3.5
2CI2,I,V82T,1.15
2LZM,A,V103A,1.91
2LZM,A,Q105A,0.6
2LZM,A,Q105E,1.1
2LZM,A,Q105G,3.11
2LZM,A,N116D,-0.6
2LZM,A,E11A,-1.1
2LZM,A,Q123E,-0.4
2LZM,A,K124G,0.1
2LZM,A,V131A,-0.39
2LZM,A,V131G,0.68
2LZM,A,V131T,0.12
2LZM,A,L133A,4.3
2LZM,A,N144D,-0.5
2LZM,A,V149A,2.87
2LZM,A,T152S,2.6
2LZM,A,T157A,0.5
2LZM,A,T157G,1.1
2LZM,A,T157S,0.66
2LZM,A,T157V,1.2
2LZM,A,Y25G,4.55
2LZM,A,P37A,0.0
2LZM,A,I3A,0.7
2LZM,A,I3G,2.1
2LZM,A,I3T,2.3
2LZM,A,I3V,0.4
2LZM,A,N55G,0.6
2LZM,A,P86G,1.91
2WSY,A,F22L,1.05
3HHR,A,S71A,0.97
3HHR,A,E74A,0.49
3HHR,A,E74Q,0.18
4LYZ,A,D101A,-0.76
4LYZ,A,D101G,-0.45
4LYZ,A,D101N,-0.04
4LYZ,A,I55A,4.4
4LYZ,A,I55T,4.96
4LYZ,A,I55V,0.91
4LYZ,A,S91A,0.15
