pdbid,chainid,variant,ddg,merge_column
1QIR,A,Y191C,-2.3,index_1
1QIS,A,F191C,-1.6,index_2
1QIT,A,W191C,-3.9,index_3
5EAA,A,S191C,-1.9,index_4
1BRG,A,L7F,-4.1,index_5
1BRH,A,A14L,-4.5,index_6
1BNS,A,A26T,-1.7,index_7
1BSA,A,V51I,-1.1,index_8
1BRI,A,A76I,-1.7,index_9
1BSB,A,V76I,-1.0,index_10
1BAO,A,F78Y,-1.1,index_11
1BRJ,A,A88I,-4.0,index_12
1BSC,A,V88I,-1.6,index_13
1BSE,A,V89L,-0.5,index_14
1BAN,A,A91S,-2.4,index_15
1BRK,A,A96I,-3.2,index_16
1BSD,A,V96I,-3.1,index_17
1E6K,A,A12D,2.5,index_18
1E6L,A,A13D,2.7,index_19
1E6M,A,A57D,3.3,index_20
2EXZ,A,C22T,-0.9,index_21
2EY1,A,V22T,-0.9,index_22
2F0E,A,L23V,-0.1,index_23
2F0F,A,I25L,-1.7,index_24
1EY5,A,V33T,0.4,index_25
2EY2,A,C41T,0.6,index_26
1EY6,A,I41T,0.7,index_27
2EY5,A,S41T,-1.1,index_28
2EY6,A,V41T,0.8,index_29
2EYF,A,V44T,0.1,index_30
1EY4,A,A59S,0.5,index_31
2EYH,A,S62T,-2.1,index_32
2EYJ,A,V62T,-0.2,index_33
2F0G,A,I66V,-1.0,index_34
2F0H,A,L66V,-0.3,index_35
2SNM,A,K66V,-7.5,index_36
2F0I,A,L72I,-0.2,index_37
2F0J,A,V72I,-1.2,index_38
2EYL,A,S82T,-0.7,index_39
2F0D,A,V92I,-0.4,index_40
1KAB,A,G116K,1.0,index_41
1SYG,A,A117P,0.8,index_42
1SYC,A,G117P,0.9,index_43
1SYE,A,T117P,1.1,index_44
2EYM,A,C120T,-1.7,index_45
2EYO,A,S120T,-0.6,index_46
2EYP,A,V120T,-1.8,index_47
1EY7,A,A128S,0.7,index_48
1MX2,A,N71F,0.7,index_49
1MX4,A,Q82F,-0.4,index_50
1MX6,A,N92F,-1.1,index_51
1HIB,A,G9T,-2.6,index_52
245L,A,A6M,-1.9,index_53
230L,A,L6M,-2.8,index_54
1QT6,A,H11E,0.1,index_55
1QT7,A,N11E,-0.1,index_56
239L,A,A17I,-2.7,index_57
253L,A,A20D,-0.3,index_58
255L,A,N20D,1.3,index_59
254L,A,S20D,0.7,index_60
240L,A,A27I,-3.1,index_61
1D2W,A,M27I,-3.1,index_62
241L,A,A29I,-2.6,index_63
1L61,A,N38S,0.0,index_64
120L,A,S41A,-0.6,index_65
1QTB,A,V42A,-2.7,index_66
206L,A,S42A,-2.3,index_67
1L66,A,A43K,-1.0,index_68
1L68,A,A44S,0.3,index_69
108L,A,I44S,0.3,index_70
110L,A,L44S,0.4,index_71
109L,A,K44S,0.2,index_72
217L,A,E44S,0.0,index_73
107L,A,G44S,-0.5,index_74
113L,A,R44S,0.2,index_75
111L,A,N44S,-0.1,index_76
137L,A,F44S,0.1,index_77
112L,A,P44S,-3.0,index_78
114L,A,T44S,0.0,index_79
115L,A,V44S,0.1,index_80
1L67,A,A46L,-1.9,index_81
1L65,A,A47D,-1.0,index_82
221L,A,S49A,-0.5,index_83
242L,A,A50I,-2.0,index_84
1D2Y,A,M50I,-0.4,index_85
243L,A,A58I,-3.2,index_86
1G1V,A,T58I,-3.4,index_87
1LYJ,A,A59T,-1.5,index_88
1LYI,A,D59T,-1.2,index_89
1LYH,A,G59T,-1.6,index_90
1LYG,A,N59T,-1.1,index_91
1LYF,A,S59T,-0.2,index_92
1LYE,A,V59T,-1.5,index_93
1D3J,A,M66L,-1.0,index_94
246L,A,A67F,-1.9,index_95
1L76,A,P72D,-2.7,index_96
122L,A,S73A,-0.4,index_97
127L,A,T75V,-1.3,index_98
1CTW,A,A78I,-1.2,index_99
1CU0,A,M78I,-1.5,index_100
1P2R,A,V78I,-0.8,index_101
123L,A,S82A,-0.3,index_102
247L,A,A84L,-2.6,index_103
1CU2,A,M84L,-1.9,index_104
236L,A,A87V,-1.7,index_105
1CU3,A,M87V,-2.3,index_106
1P2L,A,I87V,-0.3,index_107
128L,A,T87V,-1.6,index_108
1CU6,A,A91L,-3.9,index_109
1CU5,A,M91L,-0.8,index_110
1L55,A,N92D,-1.4,index_111
224L,A,S93A,-0.2,index_112
1QSB,A,C98A,-1.0,index_113
1QS5,A,L98A,-4.3,index_114
125L,A,S98A,-2.5,index_115
1QS9,A,V98A,-3.2,index_116
1L90,A,A99L,-4.5,index_117
1L91,A,F99L,-0.3,index_118
1L92,A,I99L,-1.5,index_119
1L93,A,M99L,-0.6,index_120
1L94,A,V99L,-2.0,index_121
244L,A,A100I,-3.4,index_122
1CUP,A,M100I,-1.6,index_123
1P36,A,V100I,-0.4,index_124
1I6S,A,A101N,-1.5,index_125
1L77,A,L102M,-1.0,index_126
238L,A,A103V,-2.2,index_127
1P7S,A,I103V,-0.5,index_128
1CUQ,A,M103V,-1.2,index_129
1CV0,A,M104F,-0.4,index_130
1G1W,A,M105Q,-1.2,index_131
1P46,A,I106M,0.2,index_132
234L,A,L106M,0.5,index_133
231L,A,K106M,-3.4,index_134
1L62,A,D109T,0.6,index_135
1L59,A,N109T,0.1,index_136
235L,A,A111V,-1.3,index_137
2L78,A,I111V,-0.9,index_138
1CV1,A,M111V,-0.7,index_139
1TLA,A,F117S,1.1,index_140
1CVK,A,A118L,-3.2,index_141
1CV4,A,M118L,-0.7,index_142
233L,A,L120M,0.5,index_143
232L,A,K120M,-1.6,index_144
1P6Y,A,Y120M,-0.1,index_145
1CV3,A,M121L,-0.8,index_146
1QTC,A,F129A,-1.2,index_147
1QTD,A,W129A,-2.2,index_148
118L,A,S130A,1.0,index_149
1P64,A,F133L,-0.3,index_150
1CV5,A,M133L,-0.4,index_151
119L,A,S134A,-0.1,index_152
1L39,A,E144N,0.5,index_153
237L,A,A149V,-3.2,index_154
1G07,A,C149V,-2.0,index_155
1G0P,A,G149V,-4.9,index_156
1G0Q,A,I149V,-0.1,index_157
1CV6,A,M149V,-2.8,index_158
126L,A,T149V,-2.8,index_159
1G06,A,S149V,-4.4,index_160
1G0G,A,A152T,-1.5,index_161
1G0K,A,C152T,-0.5,index_162
1G0M,A,I152T,-0.4,index_163
1G0J,A,S152T,-2.0,index_164
1G0L,A,V152T,0.2,index_165
1L85,A,A153F,-3.8,index_166
1L86,A,I153F,-0.2,index_167
1L87,A,L153F,0.3,index_168
1L88,A,M153F,-0.6,index_169
1L95,A,V153F,-1.8,index_170
1OUG,A,A2V,-1.5,index_171
1GAY,A,G2V,-1.3,index_172
1GF8,A,S2V,-1.4,index_173
1GF9,A,Y2V,-0.4,index_174
1GFA,A,D2V,-1.4,index_175
1GFE,A,N2V,-1.3,index_176
1GFG,A,R2V,-0.4,index_177
1GB0,A,L2V,0.3,index_178
1GB2,A,M2V,-0.2,index_179
1GB3,A,F2V,-0.8,index_180
1WQN,A,F20Y,-0.5,index_181
2HEB,A,A23I,-2.5,index_182
1YAN,A,V23I,-0.4,index_183
1WQO,A,F38Y,-0.2,index_184
1WQP,A,F45Y,0.1,index_185
1LHL,A,P47A,0.1,index_186
1WQQ,A,F54Y,-1.0,index_187
2HEC,A,A56I,-3.7,index_188
1OUA,A,T56I,-4.3,index_189
1YAO,A,V56I,-1.2,index_190
2HED,A,A59I,-1.7,index_191
2HEE,A,G59I,-3.8,index_192
1YAP,A,V59I,-1.1,index_193
1WQR,A,F63Y,-0.2,index_194
1LHI,A,G71P,-1.6,index_195
1OUH,A,A74V,-0.4,index_196
1GB5,A,G74V,-0.1,index_197
1GB6,A,I74V,-1.9,index_198
1GB7,A,L74V,-0.4,index_199
1GB8,A,M74V,-0.4,index_200
1GB9,A,F74V,0.0,index_201
1GFH,A,Y74V,-0.3,index_202
1GFJ,A,D74V,-0.4,index_203
1GFK,A,N74V,-0.3,index_204
1GFR,A,R74V,-0.1,index_205
1B7S,A,S74V,-0.4,index_206
1HNL,A,A77C,-4.6,index_207
2HEF,A,A89I,-2.7,index_208
1YAQ,A,V89I,-0.5,index_209
1LHK,A,P91D,-0.4,index_210
1OUI,A,A93V,-0.7,index_211
1OUJ,A,A99V,-1.0,index_212
1OUB,A,A100V,-0.3,index_213
1LHJ,A,G103P,-0.1,index_214
2HEA,A,A106I,-0.9,index_215
1YAM,A,V106I,-0.7,index_216
1OUC,A,A110V,0.5,index_217
1GFU,A,D110V,0.2,index_218
1GBO,A,G110V,-2.2,index_219
1GBW,A,I110V,-0.8,index_220
1GBX,A,L110V,0.1,index_221
1GBY,A,M110V,0.4,index_222
1GFV,A,N110V,0.1,index_223
1INU,A,R110V,0.9,index_224
1GBZ,A,F110V,-1.9,index_225
1LHH,A,P110V,0.5,index_226
1GFT,A,Y110V,-0.1,index_227
1OUD,A,A121V,-1.4,index_228
1WQM,A,F124Y,-0.4,index_229
1OUE,A,A125V,-1.3,index_230
1OUF,A,A130V,-0.8,index_231
1DMQ,A,F32Y,0.2,index_232
1DMM,A,F57Y,-1.2,index_233
1RGC,A,K25Q,1.4,index_234
1VQG,A,L47I,-0.4,index_235
1VQH,A,M47I,-1.7,index_236
1VQI,A,V47I,-2.0,index_237
1VQJ,A,I35V,-0.6,index_238
1YHB,A,F41Y,-3.2,index_239
149L,A,L3I,0.7,index_240
172L,A,C3I,0.0,index_241
1L96,A,P3I,-3.0,index_242
1L18,A,Y3I,-2.3,index_243
1L17,A,V3I,-0.4,index_244
150L,A,I6M,-1.4,index_245
1L42,A,E16K,0.5,index_246
1L19,A,D38S,0.6,index_247
1L21,A,G55N,-0.6,index_248
1L56,A,P60K,0.0,index_249
1L23,A,A77G,0.4,index_250
1L24,A,P82A,0.8,index_251
3C81,A,A85K,-0.6,index_252
3C83,A,A89D,-0.5,index_253
3C7Y,A,A96R,-2.0,index_254
3C8Q,A,D96R,-3.5,index_255
3CDV,A,M96R,-2.7,index_256
3C8S,A,E96R,-2.5,index_257
3C8R,A,G96R,-2.6,index_258
3CDR,A,Q96R,-0.3,index_259
3F8V,A,H96R,-3.1,index_260
3CDT,A,N96R,-3.0,index_261
3C7W,A,K96R,0.0,index_262
3CDQ,A,S96R,-2.6,index_263
3C80,A,Y96R,-4.7,index_264
3CDO,A,V96R,-2.4,index_265
3FI5,A,W96R,-4.5,index_266
1L48,A,V98A,-4.9,index_267
1L00,A,A105Q,-0.6,index_268
1L98,A,E105Q,-1.1,index_269
1L99,A,G105Q,-1.5,index_270
1L60,A,A113G,0.3,index_271
1L37,A,E115T,0.3,index_272
1L57,A,D116N,0.6,index_273
1L44,A,E119R,0.0,index_274
1L38,A,E123Q,0.4,index_275
1L22,A,G124K,-0.1,index_276
1L33,A,A131V,0.3,index_277
1DYA,A,D131V,0.1,index_278
1DYB,A,G131V,-0.7,index_279
1DYC,A,I131V,0.2,index_280
1DYD,A,L131V,0.1,index_281
1DYE,A,S131V,-0.1,index_282
1DYF,A,M131V,0.1,index_283
1DYG,A,E131V,0.2,index_284
1L69,A,A133L,-4.2,index_285
1L45,A,E135K,-1.0,index_286
1L20,A,D144N,0.4,index_287
1L46,A,E147K,-0.7,index_288
1L53,A,C149V,-2.2,index_289
1L52,A,S152T,-2.6,index_290
1L47,A,E154R,-1.1,index_291
1L16,A,D156G,-2.3,index_292
1L02,A,A157T,-0.5,index_293
1L03,A,C157T,-1.3,index_294
1L04,A,D157T,-1.1,index_295
1L06,A,E157T,-0.8,index_296
1L07,A,F157T,-2.4,index_297
1L08,A,G157T,-1.1,index_298
1L09,A,H157T,-2.1,index_299
1L10,A,I157T,-1.5,index_300
1L11,A,L157T,-1.7,index_301
1L12,A,N157T,-1.2,index_302
1L13,A,R157T,0.3,index_303
1L14,A,S157T,-0.7,index_304
1L15,A,V157T,-1.2,index_305
1RDA,A,N10D,0.9,index_306
1RDB,A,Q48E,0.2,index_307
3AA5,X,F52A,-0.5,index_308
3AA2,A,I52A,1.9,index_309
3AA3,A,L52A,1.3,index_310
3AA4,A,V52A,1.7,index_311
1RBS,A,A62H,0.4,index_312
1RBR,A,P62H,1.1,index_313
1RDC,A,N70D,0.9,index_314
1LAV,A,L74V,1.0,index_315
1LAW,A,I74V,0.6,index_316
1GOB,A,A77G,-0.9,index_317
1RBV,A,A95K,0.1,index_318
1RBT,A,G95K,1.9,index_319
1RBU,A,N95K,0.9,index_320
1KVA,A,A134D,2.1,index_321
1KVB,A,H134D,2.3,index_322
1KVC,A,N134D,1.0,index_323
1IOS,A,F12M,0.5,index_324
1IOT,A,L12M,-0.4,index_325
1HER,A,S40T,-0.3,index_326
1FN5,A,A49G,-0.7,index_327
1HEO,A,V55I,-0.9,index_328
1IR8,A,M58I,-1.2,index_329
1FLU,A,A67G,-0.5,index_330
1FLW,A,A71G,-2.1,index_331
1IR7,A,M78I,-0.9,index_332
1LSN,A,A91S,-0.2,index_333
1HEM,A,T91S,1.0,index_334
1IR9,A,M98I,-0.9,index_335
1FLY,A,A102G,-1.2,index_336
1FLQ,A,A117G,-0.8,index_337
1BTI,A,A22F,-1.2,index_338
1BPT,A,A23Y,-5.9,index_339
8PTI,A,G35Y,-5.0,index_340
1NAG,A,G43N,-5.7,index_341
1FAN,A,A45F,-6.9,index_342
