pdbid_dir,chainid_dir,variant_dir,ddg_dir, pdbid_inv,chainid_inv,variant_inv,ddg_inv
1AMQ,A,C191Y,2.3 1QIR,A,Y191C,-2.3
1AMQ,A,C191F,1.6 1QIS,A,F191C,-1.6
1AMQ,A,C191W,3.9 1QIT,A,W191C,-3.9
1AMQ,A,C191S,1.9 5EAA,A,S191C,-1.9
1BNI,A,F7L,4.1 1BRG,A,L7F,-4.1
1BNI,A,L14A,4.5 1BRH,A,A14L,-4.5
1BNI,A,T26A,1.7 1BNS,A,A26T,-1.7
1BNI,A,I51V,1.1 1BSA,A,V51I,-1.1
1BNI,A,I76A,1.7 1BRI,A,A76I,-1.7
1BNI,A,I76V,1.0 1BSB,A,V76I,-1.0
1BNI,A,Y78F,1.1 1BAO,A,F78Y,-1.1
1BNI,A,I88A,4.0 1BRJ,A,A88I,-4.0
1BNI,A,I88V,1.6 1BSC,A,V88I,-1.6
1BNI,A,L89V,0.5 1BSE,A,V89L,-0.5
1BNI,A,S91A,2.4 1BAN,A,A91S,-2.4
1BNI,A,I96A,3.2 1BRK,A,A96I,-3.2
1BNI,A,I96V,3.1 1BSD,A,V96I,-3.1
1CEY,A,D12A,-2.5 1E6K,A,A12D,2.5
1CEY,A,D13A,-2.7 1E6L,A,A13D,2.7
1CEY,A,D57A,-3.3 1E6M,A,A57D,3.3
1EY0,A,T22C,0.9 2EXZ,A,C22T,-0.9
1EY0,A,T22V,0.9 2EY1,A,V22T,-0.9
1EY0,A,V23L,0.1 2F0E,A,L23V,-0.1
1EY0,A,L25I,1.7 2F0F,A,I25L,-1.7
1EY0,A,T33V,-0.4 1EY5,A,V33T,0.4
1EY0,A,T41C,-0.6 2EY2,A,C41T,0.6
1EY0,A,T41I,-0.7 1EY6,A,I41T,0.7
1EY0,A,T41S,1.1 2EY5,A,S41T,-1.1
1EY0,A,T41V,-0.8 2EY6,A,V41T,0.8
1EY0,A,T44V,-0.1 2EYF,A,V44T,0.1
1EY0,A,S59A,-0.5 1EY4,A,A59S,0.5
1EY0,A,T62S,2.1 2EYH,A,S62T,-2.1
1EY0,A,T62V,0.2 2EYJ,A,V62T,-0.2
1EY0,A,V66I,1.0 2F0G,A,I66V,-1.0
1EY0,A,V66L,0.3 2F0H,A,L66V,-0.3
1EY0,A,V66K,7.5 2SNM,A,K66V,-7.5
1EY0,A,I72L,0.2 2F0I,A,L72I,-0.2
1EY0,A,I72V,1.2 2F0J,A,V72I,-1.2
1EY0,A,T82S,0.7 2EYL,A,S82T,-0.7
1EY0,A,I92V,0.4 2F0D,A,V92I,-0.4
1EY0,A,K116G,-1.0 1KAB,A,G116K,1.0
1EY0,A,P117A,-0.8 1SYG,A,A117P,0.8
1EY0,A,P117G,-0.9 1SYC,A,G117P,0.9
1EY0,A,P117T,-1.1 1SYE,A,T117P,1.1
1EY0,A,T120C,1.7 2EYM,A,C120T,-1.7
1EY0,A,T120S,0.6 2EYO,A,S120T,-0.6
1EY0,A,T120V,1.8 2EYP,A,V120T,-1.8
1EY0,A,S128A,-0.7 1EY7,A,A128S,0.7
1IHB,A,F71N,-0.7 1MX2,A,N71F,0.7
1IHB,A,F82Q,0.4 1MX4,A,Q82F,-0.4
1IHB,A,F92N,1.1 1MX6,A,N92F,-1.1
1IOB,A,T9G,2.6 1HIB,A,G9T,-2.6
1L63,A,M6A,1.9 245L,A,A6M,-1.9
1L63,A,M6L,2.8 230L,A,L6M,-2.8
1L63,A,E11H,-0.1 1QT6,A,H11E,0.1
1L63,A,E11N,0.1 1QT7,A,N11E,-0.1
1L63,A,I17A,2.7 239L,A,A17I,-2.7
1L63,A,D20A,0.3 253L,A,A20D,-0.3
1L63,A,D20N,-1.3 255L,A,N20D,1.3
1L63,A,D20S,-0.7 254L,A,S20D,0.7
1L63,A,I27A,3.1 240L,A,A27I,-3.1
1L63,A,I27M,3.1 1D2W,A,M27I,-3.1
1L63,A,I29A,2.6 241L,A,A29I,-2.6
1L63,A,S38N,0.0 1L61,A,N38S,0.0
1L63,A,A41S,0.6 120L,A,S41A,-0.6
1L63,A,A42V,2.7 1QTB,A,V42A,-2.7
1L63,A,A42S,2.3 206L,A,S42A,-2.3
1L63,A,K43A,1.0 1L66,A,A43K,-1.0
1L63,A,S44A,-0.3 1L68,A,A44S,0.3
1L63,A,S44I,-0.3 108L,A,I44S,0.3
1L63,A,S44L,-0.4 110L,A,L44S,0.4
1L63,A,S44K,-0.2 109L,A,K44S,0.2
1L63,A,S44E,0.0 217L,A,E44S,0.0
1L63,A,S44G,0.5 107L,A,G44S,-0.5
1L63,A,S44R,-0.2 113L,A,R44S,0.2
1L63,A,S44N,0.1 111L,A,N44S,-0.1
1L63,A,S44F,-0.1 137L,A,F44S,0.1
1L63,A,S44P,3.0 112L,A,P44S,-3.0
1L63,A,S44T,0.0 114L,A,T44S,0.0
1L63,A,S44V,-0.1 115L,A,V44S,0.1
1L63,A,L46A,1.9 1L67,A,A46L,-1.9
1L63,A,D47A,1.0 1L65,A,A47D,-1.0
1L63,A,A49S,0.5 221L,A,S49A,-0.5
1L63,A,I50A,2.0 242L,A,A50I,-2.0
1L63,A,I50M,0.4 1D2Y,A,M50I,-0.4
1L63,A,I58A,3.2 243L,A,A58I,-3.2
1L63,A,I58T,3.4 1G1V,A,T58I,-3.4
1L63,A,T59A,1.5 1LYJ,A,A59T,-1.5
1L63,A,T59D,1.2 1LYI,A,D59T,-1.2
1L63,A,T59G,1.6 1LYH,A,G59T,-1.6
1L63,A,T59N,1.1 1LYG,A,N59T,-1.1
1L63,A,T59S,0.2 1LYF,A,S59T,-0.2
1L63,A,T59V,1.5 1LYE,A,V59T,-1.5
1L63,A,L66M,1.0 1D3J,A,M66L,-1.0
1L63,A,F67A,1.9 246L,A,A67F,-1.9
1L63,A,D72P,2.7 1L76,A,P72D,-2.7
1L63,A,A73S,0.4 122L,A,S73A,-0.4
1L63,A,V75T,1.3 127L,A,T75V,-1.3
1L63,A,I78A,1.2 1CTW,A,A78I,-1.2
1L63,A,I78M,1.5 1CU0,A,M78I,-1.5
1L63,A,I78V,0.8 1P2R,A,V78I,-0.8
1L63,A,A82S,0.3 123L,A,S82A,-0.3
1L63,A,L84A,2.6 247L,A,A84L,-2.6
1L63,A,L84M,1.9 1CU2,A,M84L,-1.9
1L63,A,V87A,1.7 236L,A,A87V,-1.7
1L63,A,V87M,2.3 1CU3,A,M87V,-2.3
1L63,A,V87I,0.3 1P2L,A,I87V,-0.3
1L63,A,V87T,1.6 128L,A,T87V,-1.6
1L63,A,L91A,3.9 1CU6,A,A91L,-3.9
1L63,A,L91M,0.8 1CU5,A,M91L,-0.8
1L63,A,D92N,1.4 1L55,A,N92D,-1.4
1L63,A,A93S,0.2 224L,A,S93A,-0.2
1L63,A,A98C,1.0 1QSB,A,C98A,-1.0
1L63,A,A98L,4.3 1QS5,A,L98A,-4.3
1L63,A,A98S,2.5 125L,A,S98A,-2.5
1L63,A,A98V,3.2 1QS9,A,V98A,-3.2
1L63,A,L99A,4.5 1L90,A,A99L,-4.5
1L63,A,L99F,0.3 1L91,A,F99L,-0.3
1L63,A,L99I,1.5 1L92,A,I99L,-1.5
1L63,A,L99M,0.6 1L93,A,M99L,-0.6
1L63,A,L99V,2.0 1L94,A,V99L,-2.0
1L63,A,I100A,3.4 244L,A,A100I,-3.4
1L63,A,I100M,1.6 1CUP,A,M100I,-1.6
1L63,A,I100V,0.4 1P36,A,V100I,-0.4
1L63,A,N101A,1.5 1I6S,A,A101N,-1.5
1L63,A,M102L,1.0 1L77,A,L102M,-1.0
1L63,A,V103A,2.2 238L,A,A103V,-2.2
1L63,A,V103I,0.5 1P7S,A,I103V,-0.5
1L63,A,V103M,1.2 1CUQ,A,M103V,-1.2
1L63,A,F104M,0.4 1CV0,A,M104F,-0.4
1L63,A,Q105M,1.2 1G1W,A,M105Q,-1.2
1L63,A,M106I,-0.2 1P46,A,I106M,0.2
1L63,A,M106L,-0.5 234L,A,L106M,0.5
1L63,A,M106K,3.4 231L,A,K106M,-3.4
1L63,A,T109D,-0.6 1L62,A,D109T,0.6
1L63,A,T109N,-0.1 1L59,A,N109T,0.1
1L63,A,V111A,1.3 235L,A,A111V,-1.3
1L63,A,V111I,0.9 2L78,A,I111V,-0.9
1L63,A,V111M,0.7 1CV1,A,M111V,-0.7
1L63,A,S117F,-1.1 1TLA,A,F117S,1.1
1L63,A,L118A,3.2 1CVK,A,A118L,-3.2
1L63,A,L118M,0.7 1CV4,A,M118L,-0.7
1L63,A,M120L,-0.5 233L,A,L120M,0.5
1L63,A,M120K,1.6 232L,A,K120M,-1.6
1L63,A,M120Y,0.1 1P6Y,A,Y120M,-0.1
1L63,A,L121M,0.8 1CV3,A,M121L,-0.8
1L63,A,A129F,1.2 1QTC,A,F129A,-1.2
1L63,A,A129W,2.2 1QTD,A,W129A,-2.2
1L63,A,A130S,-1.0 118L,A,S130A,1.0
1L63,A,L133F,0.3 1P64,A,F133L,-0.3
1L63,A,L133M,0.4 1CV5,A,M133L,-0.4
1L63,A,A134S,0.1 119L,A,S134A,-0.1
1L63,A,N144E,-0.5 1L39,A,E144N,0.5
1L63,A,V149A,3.2 237L,A,A149V,-3.2
1L63,A,V149C,2.0 1G07,A,C149V,-2.0
1L63,A,V149G,4.9 1G0P,A,G149V,-4.9
1L63,A,V149I,0.1 1G0Q,A,I149V,-0.1
1L63,A,V149M,2.8 1CV6,A,M149V,-2.8
1L63,A,V149T,2.8 126L,A,T149V,-2.8
1L63,A,V149S,4.4 1G06,A,S149V,-4.4
1L63,A,T152A,1.5 1G0G,A,A152T,-1.5
1L63,A,T152C,0.5 1G0K,A,C152T,-0.5
1L63,A,T152I,0.4 1G0M,A,I152T,-0.4
1L63,A,T152S,2.0 1G0J,A,S152T,-2.0
1L63,A,T152V,-0.2 1G0L,A,V152T,0.2
1L63,A,F153A,3.8 1L85,A,A153F,-3.8
1L63,A,F153I,0.2 1L86,A,I153F,-0.2
1L63,A,F153L,-0.3 1L87,A,L153F,0.3
1L63,A,F153M,0.6 1L88,A,M153F,-0.6
1L63,A,F153V,1.8 1L95,A,V153F,-1.8
1LZ1,A,V2A,1.5 1OUG,A,A2V,-1.5
1LZ1,A,V2G,1.3 1GAY,A,G2V,-1.3
1LZ1,A,V2S,1.4 1GF8,A,S2V,-1.4
1LZ1,A,V2Y,0.4 1GF9,A,Y2V,-0.4
1LZ1,A,V2D,1.4 1GFA,A,D2V,-1.4
1LZ1,A,V2N,1.3 1GFE,A,N2V,-1.3
1LZ1,A,V2R,0.4 1GFG,A,R2V,-0.4
1LZ1,A,V2L,-0.3 1GB0,A,L2V,0.3
1LZ1,A,V2M,0.2 1GB2,A,M2V,-0.2
1LZ1,A,V2F,0.8 1GB3,A,F2V,-0.8
1LZ1,A,Y20F,0.5 1WQN,A,F20Y,-0.5
1LZ1,A,I23A,2.5 2HEB,A,A23I,-2.5
1LZ1,A,I23V,0.4 1YAN,A,V23I,-0.4
1LZ1,A,Y38F,0.2 1WQO,A,F38Y,-0.2
1LZ1,A,Y45F,-0.1 1WQP,A,F45Y,0.1
1LZ1,A,A47P,-0.1 1LHL,A,P47A,0.1
1LZ1,A,Y54F,1.0 1WQQ,A,F54Y,-1.0
1LZ1,A,I56A,3.7 2HEC,A,A56I,-3.7
1LZ1,A,I56T,4.3 1OUA,A,T56I,-4.3
1LZ1,A,I56V,1.2 1YAO,A,V56I,-1.2
1LZ1,A,I59A,1.7 2HED,A,A59I,-1.7
1LZ1,A,I59G,3.8 2HEE,A,G59I,-3.8
1LZ1,A,I59V,1.1 1YAP,A,V59I,-1.1
1LZ1,A,Y63F,0.2 1WQR,A,F63Y,-0.2
1LZ1,A,P71G,1.6 1LHI,A,G71P,-1.6
1LZ1,A,V74A,0.4 1OUH,A,A74V,-0.4
1LZ1,A,V74G,0.1 1GB5,A,G74V,-0.1
1LZ1,A,V74I,1.9 1GB6,A,I74V,-1.9
1LZ1,A,V74L,0.4 1GB7,A,L74V,-0.4
1LZ1,A,V74M,0.4 1GB8,A,M74V,-0.4
1LZ1,A,V74F,0.0 1GB9,A,F74V,0.0
1LZ1,A,V74Y,0.3 1GFH,A,Y74V,-0.3
1LZ1,A,V74D,0.4 1GFJ,A,D74V,-0.4
1LZ1,A,V74N,0.3 1GFK,A,N74V,-0.3
1LZ1,A,V74R,0.1 1GFR,A,R74V,-0.1
1LZ1,A,V74S,0.4 1B7S,A,S74V,-0.4
1LZ1,A,C77A,4.6 1HNL,A,A77C,-4.6
1LZ1,A,I89A,2.7 2HEF,A,A89I,-2.7
1LZ1,A,I89V,0.5 1YAQ,A,V89I,-0.5
1LZ1,A,D91P,0.4 1LHK,A,P91D,-0.4
1LZ1,A,V93A,0.7 1OUI,A,A93V,-0.7
1LZ1,A,V99A,1.0 1OUJ,A,A99V,-1.0
1LZ1,A,V100A,0.3 1OUB,A,A100V,-0.3
1LZ1,A,P103G,0.1 1LHJ,A,G103P,-0.1
1LZ1,A,I106A,0.9 2HEA,A,A106I,-0.9
1LZ1,A,I106V,0.7 1YAM,A,V106I,-0.7
1LZ1,A,V110A,-0.5 1OUC,A,A110V,0.5
1LZ1,A,V110D,-0.2 1GFU,A,D110V,0.2
1LZ1,A,V110G,2.2 1GBO,A,G110V,-2.2
1LZ1,A,V110I,0.8 1GBW,A,I110V,-0.8
1LZ1,A,V110L,-0.1 1GBX,A,L110V,0.1
1LZ1,A,V110M,-0.4 1GBY,A,M110V,0.4
1LZ1,A,V110N,-0.1 1GFV,A,N110V,0.1
1LZ1,A,V110R,-0.9 1INU,A,R110V,0.9
1LZ1,A,V110F,1.9 1GBZ,A,F110V,-1.9
1LZ1,A,V110P,-0.5 1LHH,A,P110V,0.5
1LZ1,A,V110Y,0.1 1GFT,A,Y110V,-0.1
1LZ1,A,V121A,1.4 1OUD,A,A121V,-1.4
1LZ1,A,Y124F,0.4 1WQM,A,F124Y,-0.4
1LZ1,A,V125A,1.3 1OUE,A,A125V,-1.3
1LZ1,A,V130A,0.8 1OUF,A,A130V,-0.8
1OH0,A,Y32F,-0.2 1DMQ,A,F32Y,0.2
1OH0,A,Y57F,1.2 1DMM,A,F57Y,-1.2
1RN1,C,Q25K,-1.4 1RGC,A,K25Q,1.4
1VQB,A,I47L,0.4 1VQG,A,L47I,-0.4
1VQB,A,I47M,1.7 1VQH,A,M47I,-1.7
1VQB,A,I47V,2.0 1VQI,A,V47I,-2.0
1VQB,A,V35I,0.6 1VQJ,A,I35V,-0.6
1VQB,A,Y41F,3.2 1YHB,A,F41Y,-3.2
2LZM,A,I3L,-0.7 149L,A,L3I,0.7
2LZM,A,I3C,0.0 172L,A,C3I,0.0
2LZM,A,I3P,3.0 1L96,A,P3I,-3.0
2LZM,A,I3Y,2.3 1L18,A,Y3I,-2.3
2LZM,A,I3V,0.4 1L17,A,V3I,-0.4
2LZM,A,M6I,1.4 150L,A,I6M,-1.4
2LZM,A,K16E,-0.5 1L42,A,E16K,0.5
2LZM,A,S38D,-0.6 1L19,A,D38S,0.6
2LZM,A,N55G,0.6 1L21,A,G55N,-0.6
2LZM,A,K60P,0.0 1L56,A,P60K,0.0
2LZM,A,G77A,-0.4 1L23,A,A77G,0.4
2LZM,A,A82P,-0.8 1L24,A,P82A,0.8
2LZM,A,K85A,0.6 3C81,A,A85K,-0.6
2LZM,A,D89A,0.5 3C83,A,A89D,-0.5
2LZM,A,R96A,2.0 3C7Y,A,A96R,-2.0
2LZM,A,R96D,3.5 3C8Q,A,D96R,-3.5
2LZM,A,R96M,2.7 3CDV,A,M96R,-2.7
2LZM,A,R96E,2.5 3C8S,A,E96R,-2.5
2LZM,A,R96G,2.6 3C8R,A,G96R,-2.6
2LZM,A,R96Q,0.3 3CDR,A,Q96R,-0.3
2LZM,A,R96H,3.1 3F8V,A,H96R,-3.1
2LZM,A,R96N,3.0 3CDT,A,N96R,-3.0
2LZM,A,R96K,0.0 3C7W,A,K96R,0.0
2LZM,A,R96S,2.6 3CDQ,A,S96R,-2.6
2LZM,A,R96Y,4.7 3C80,A,Y96R,-4.7
2LZM,A,R96V,2.4 3CDO,A,V96R,-2.4
2LZM,A,R96W,4.5 3FI5,A,W96R,-4.5
2LZM,A,A98V,4.9 1L48,A,V98A,-4.9
2LZM,A,Q105A,0.6 1L00,A,A105Q,-0.6
2LZM,A,Q105E,1.1 1L98,A,E105Q,-1.1
2LZM,A,Q105G,1.5 1L99,A,G105Q,-1.5
2LZM,A,G113A,-0.3 1L60,A,A113G,0.3
2LZM,A,T115E,-0.3 1L37,A,E115T,0.3
2LZM,A,N116D,-0.6 1L57,A,D116N,0.6
2LZM,A,R119E,0.0 1L44,A,E119R,0.0
2LZM,A,Q123E,-0.4 1L38,A,E123Q,0.4
2LZM,A,K124G,0.1 1L22,A,G124K,-0.1
2LZM,A,V131A,-0.3 1L33,A,A131V,0.3
2LZM,A,V131D,-0.1 1DYA,A,D131V,0.1
2LZM,A,V131G,0.7 1DYB,A,G131V,-0.7
2LZM,A,V131I,-0.2 1DYC,A,I131V,0.2
2LZM,A,V131L,-0.1 1DYD,A,L131V,0.1
2LZM,A,V131S,0.1 1DYE,A,S131V,-0.1
2LZM,A,V131M,-0.1 1DYF,A,M131V,0.1
2LZM,A,V131E,-0.2 1DYG,A,E131V,0.2
2LZM,A,L133A,4.2 1L69,A,A133L,-4.2
2LZM,A,K135E,1.0 1L45,A,E135K,-1.0
2LZM,A,N144D,-0.4 1L20,A,D144N,0.4
2LZM,A,K147E,0.7 1L46,A,E147K,-0.7
2LZM,A,V149C,2.2 1L53,A,C149V,-2.2
2LZM,A,T152S,2.6 1L52,A,S152T,-2.6
2LZM,A,R154E,1.1 1L47,A,E154R,-1.1
2LZM,A,G156D,2.3 1L16,A,D156G,-2.3
2LZM,A,T157A,0.5 1L02,A,A157T,-0.5
2LZM,A,T157C,1.3 1L03,A,C157T,-1.3
2LZM,A,T157D,1.1 1L04,A,D157T,-1.1
2LZM,A,T157E,0.8 1L06,A,E157T,-0.8
2LZM,A,T157F,2.4 1L07,A,F157T,-2.4
2LZM,A,T157G,1.1 1L08,A,G157T,-1.1
2LZM,A,T157H,2.1 1L09,A,H157T,-2.1
2LZM,A,T157I,1.5 1L10,A,I157T,-1.5
2LZM,A,T157L,1.7 1L11,A,L157T,-1.7
2LZM,A,T157N,1.2 1L12,A,N157T,-1.2
2LZM,A,T157R,-0.3 1L13,A,R157T,0.3
2LZM,A,T157S,0.7 1L14,A,S157T,-0.7
2LZM,A,T157V,1.2 1L15,A,V157T,-1.2
2RN2,A,D10N,-0.9 1RDA,A,N10D,0.9
2RN2,A,E48Q,-0.2 1RDB,A,Q48E,0.2
2RN2,A,A52F,0.5 3AA5,X,F52A,-0.5
2RN2,A,A52I,-1.9 3AA2,A,I52A,1.9
2RN2,A,A52L,-1.3 3AA3,A,L52A,1.3
2RN2,A,A52V,-1.7 3AA4,A,V52A,1.7
2RN2,A,H62A,-0.4 1RBS,A,A62H,0.4
2RN2,A,H62P,-1.1 1RBR,A,P62H,1.1
2RN2,A,D70N,-0.9 1RDC,A,N70D,0.9
2RN2,A,V74L,-1.0 1LAV,A,L74V,1.0
2RN2,A,V74I,-0.6 1LAW,A,I74V,0.6
2RN2,A,G77A,0.9 1GOB,A,A77G,-0.9
2RN2,A,K95A,-0.1 1RBV,A,A95K,0.1
2RN2,A,K95G,-1.9 1RBT,A,G95K,1.9
2RN2,A,K95N,-0.9 1RBU,A,N95K,0.9
2RN2,A,D134A,-2.1 1KVA,A,A134D,2.1
2RN2,A,D134H,-2.3 1KVB,A,H134D,2.3
2RN2,A,D134N,-1.0 1KVC,A,N134D,1.0
4LYZ,A,M12F,-0.5 1IOS,A,F12M,0.5
4LYZ,A,M12L,0.4 1IOT,A,L12M,-0.4
4LYZ,A,T40S,0.3 1HER,A,S40T,-0.3
4LYZ,A,G49A,0.7 1FN5,A,A49G,-0.7
4LYZ,A,I55V,0.9 1HEO,A,V55I,-0.9
4LYZ,A,I58M,1.2 1IR8,A,M58I,-1.2
4LYZ,A,G67A,0.5 1FLU,A,A67G,-0.5
4LYZ,A,G71A,2.1 1FLW,A,A71G,-2.1
4LYZ,A,I78M,0.9 1IR7,A,M78I,-0.9
4LYZ,A,S91A,0.2 1LSN,A,A91S,-0.2
4LYZ,A,S91T,-1.0 1HEM,A,T91S,1.0
4LYZ,A,I98M,0.9 1IR9,A,M98I,-0.9
4LYZ,A,G102A,1.2 1FLY,A,A102G,-1.2
4LYZ,A,G117A,0.8 1FLQ,A,A117G,-0.8
5PTI,A,F22A,1.2 1BTI,A,A22F,-1.2
5PTI,A,Y23A,5.9 1BPT,A,A23Y,-5.9
5PTI,A,Y35G,5.0 8PTI,A,G35Y,-5.0
5PTI,A,N43G,5.7 1NAG,A,G43N,-5.7
5PTI,A,F45A,6.9 1FAN,A,A45F,-6.9
